"GeoFIPS","GeoName","Region","ComponentId","ComponentName","IndustryId","IndustryClassification","Description","2001","2002","2003","2004","2005","2006","2007","2008","2009","2010","2011","2012","2013","2014","2015","2016","2017"
"40420","Rockford, IL (Metropolitan Statistical Area)"," ","200","Gross domestic product (GDP) by metropolitan area (millions of current dollars)","1","...","All industry total",10553,10701,11002,11249,11747,12409,12867,12733,12194,12462,12970,13701,13723,14250,14612,14721,15333
"40420","Rockford, IL (Metropolitan Statistical Area)"," ","200","Gross domestic product (GDP) by metropolitan area (millions of current dollars)","2","..."," Private industries",9701,9791,10036,10238,10680,11308,11710,11534,10937,11140,11672,12421,12441,12912,13259,13356,13945
"40420","Rockford, IL (Metropolitan Statistical Area)"," ","200","Gross domestic product (GDP) by metropolitan area (millions of current dollars)","3","11","  Agriculture, forestry, fishing, and hunting","(D)","(D)","(D)","(D)","(D)","(D)","(D)","(D)","(D)","(D)","(D)","(D)",126,"(D)","(D)","(D)","(D)"
"40420","Rockford, IL (Metropolitan Statistical Area)"," ","200","Gross domestic product (GDP) by metropolitan area (millions of current dollars)","4","111-112","   Farms",20,23,19,36,14,16,49,51,13,12,86,29,124,60,0,14,"(NA)"
"40420","Rockford, IL (Metropolitan Statistical Area)"," ","200","Gross domestic product (GDP) by metropolitan area (millions of current dollars)","5","113-115","   Forestry, fishing, and related activities","(D)","(D)","(D)","(D)","(D)","(D)","(D)","(D)","(D)","(D)","(D)","(D)",2,"(D)","(D)","(D)","(NA)"
"40420","Rockford, IL (Metropolitan Statistical Area)"," ","200","Gross domestic product (GDP) by metropolitan area (millions of current dollars)","6","21","  Mining, quarrying, and oil and gas extraction","(D)","(D)","(D)","(D)","(D)","(D)","(D)",3,2,"(D)","(D)","(D)",3,"(D)","(D)","(D)","(D)"
"40420","Rockford, IL (Metropolitan Statistical Area)"," ","200","Gross domestic product (GDP) by metropolitan area (millions of current dollars)","7","211","   Oil and gas extraction","(L)","(L)","(L)","(L)","(L)","(L)","(L)","(L)","(L)","(L)","(L)","(L)","(L)","(L)","(L)","(L)","(NA)"
"40420","Rockford, IL (Metropolitan Statistical Area)"," ","200","Gross domestic product (GDP) by metropolitan area (millions of current dollars)","8","212","   Mining (except oil and gas)","(D)","(D)","(D)","(D)","(D)","(D)","(D)","(D)","(D)","(D)","(D)","(D)","(D)","(D)","(D)","(D)","(NA)"
"40420","Rockford, IL (Metropolitan Statistical Area)"," ","200","Gross domestic product (GDP) by metropolitan area (millions of current dollars)","9","213","   Support activities for mining",0,"(D)","(D)","(D)","(D)","(D)","(D)","(D)","(D)","(D)","(D)","(D)","(D)","(D)","(D)","(D)","(NA)"
"40420","Rockford, IL (Metropolitan Statistical Area)"," ","200","Gross domestic product (GDP) by metropolitan area (millions of current dollars)","10","22","  Utilities","(D)","(D)","(D)","(D)",234,"(D)","(D)","(D)","(D)","(D)","(D)","(D)","(D)","(D)",472,496,523
"40420","Rockford, IL (Metropolitan Statistical Area)"," ","200","Gross domestic product (GDP) by metropolitan area (millions of current dollars)","11","23","  Construction",594,648,665,678,738,784,800,625,488,392,391,389,406,459,508,560,573
"40420","Rockford, IL (Metropolitan Statistical Area)"," ","200","Gross domestic product (GDP) by metropolitan area (millions of current dollars)","12","31-33","  Manufacturing",3472,3357,3236,3324,3421,3833,3884,3774,3344,3484,3812,4478,4243,4382,4341,4200,4518
"40420","Rockford, IL (Metropolitan Statistical Area)"," ","200","Gross domestic product (GDP) by metropolitan area (millions of current dollars)","13","321,327-339","   Durable goods manufacturing",2879,2779,2632,2778,2880,"(D)","(D)","(D)",2617,2765,3145,"(D)",3511,3612,3508,3328,3627
"40420","Rockford, IL (Metropolitan Statistical Area)"," ","200","Gross domestic product (GDP) by metropolitan area (millions of current dollars)","14","321","    Wood product manufacturing","(D)","(D)",22,"(D)",22,24,32,32,32,27,27,21,"(D)","(D)","(D)","(D)","(NA)"
"40420","Rockford, IL (Metropolitan Statistical Area)"," ","200","Gross domestic product (GDP) by metropolitan area (millions of current dollars)","15","327","    Nonmetallic mineral product manufacturing",56,"(D)","(D)",39,49,54,53,48,44,"(D)","(D)","(D)",45,"(D)","(D)","(D)","(NA)"
"40420","Rockford, IL (Metropolitan Statistical Area)"," ","200","Gross domestic product (GDP) by metropolitan area (millions of current dollars)","16","331","    Primary metal manufacturing",25,24,24,57,60,"(D)","(D)","(D)","(D)","(D)","(D)","(D)","(D)","(D)","(D)","(D)","(NA)"
"40420","Rockford, IL (Metropolitan Statistical Area)"," ","200","Gross domestic product (GDP) by metropolitan area (millions of current dollars)","17","332","    Fabricated metal product manufacturing",718,691,691,689,690,655,655,645,553,582,612,667,670,697,734,732,"(NA)"
"40420","Rockford, IL (Metropolitan Statistical Area)"," ","200","Gross domestic product (GDP) by metropolitan area (millions of current dollars)","18","333","    Machinery manufacturing",1137,974,969,1030,1109,1206,1283,1259,1215,1247,1471,1722,1402,1461,1315,1120,"(NA)"
"40420","Rockford, IL (Metropolitan Statistical Area)"," ","200","Gross domestic product (GDP) by metropolitan area (millions of current dollars)","19","334","    Computer and electronic product manufacturing",110,128,157,156,128,122,138,"(D)","(D)","(D)","(D)","(D)","(D)","(D)","(D)","(D)","(NA)"
"40420","Rockford, IL (Metropolitan Statistical Area)"," ","200","Gross domestic product (GDP) by metropolitan area (millions of current dollars)","20","335","    Electrical equipment, appliance, and component manufacturing","(D)",87,98,95,105,130,129,131,92,74,83,96,106,"(D)","(D)","(D)","(NA)"
"40420","Rockford, IL (Metropolitan Statistical Area)"," ","200","Gross domestic product (GDP) by metropolitan area (millions of current dollars)","21","3361-3363","    Motor vehicles, bodies and trailers, and parts manufacturing","(D)","(D)","(D)","(D)","(D)","(D)","(D)","(D)","(D)","(D)","(D)","(D)","(D)","(D)","(D)","(D)","(NA)"
"40420","Rockford, IL (Metropolitan Statistical Area)"," ","200","Gross domestic product (GDP) by metropolitan area (millions of current dollars)","22","3364-3369","    Other transportation equipment manufacturing","(D)",214,104,174,"(D)","(D)","(D)","(D)","(D)","(D)","(D)","(D)",230,225,185,211,"(NA)"
"40420","Rockford, IL (Metropolitan Statistical Area)"," ","200","Gross domestic product (GDP) by metropolitan area (millions of current dollars)","23","337","    Furniture and related product manufacturing","(D)","(D)","(D)","(D)",29,32,29,25,17,16,17,23,28,27,28,30,"(NA)"
"40420","Rockford, IL (Metropolitan Statistical Area)"," ","200","Gross domestic product (GDP) by metropolitan area (millions of current dollars)","24","339","    Miscellaneous manufacturing","(D)","(D)","(D)","(D)","(D)","(D)","(D)",29,33,24,29,30,32,33,32,32,"(NA)"
"40420","Rockford, IL (Metropolitan Statistical Area)"," ","200","Gross domestic product (GDP) by metropolitan area (millions of current dollars)","25","311-316,322-326","   Nondurable goods manufacturing",593,578,604,546,541,"(D)","(D)","(D)",727,719,667,"(D)",732,770,833,872,891
"40420","Rockford, IL (Metropolitan Statistical Area)"," ","200","Gross domestic product (GDP) by metropolitan area (millions of current dollars)","26","311-312","    Food and beverage and tobacco products manufacturing",336,"(D)","(D)","(D)","(D)","(D)","(D)","(D)",384,367,301,341,351,349,369,378,"(NA)"
"40420","Rockford, IL (Metropolitan Statistical Area)"," ","200","Gross domestic product (GDP) by metropolitan area (millions of current dollars)","27","313-314","    Textile mills and textile product mills",9,8,"(D)","(D)","(D)",6,"(D)","(D)","(D)","(D)",4,"(D)","(D)",3,4,"(D)","(NA)"
"40420","Rockford, IL (Metropolitan Statistical Area)"," ","200","Gross domestic product (GDP) by metropolitan area (millions of current dollars)","28","315-316","    Apparel, leather, and allied product manufacturing","(D)",1,1,1,1,1,"(D)","(D)","(D)","(D)",2,"(D)",1,1,1,"(D)","(NA)"
"40420","Rockford, IL (Metropolitan Statistical Area)"," ","200","Gross domestic product (GDP) by metropolitan area (millions of current dollars)","29","322","    Paper manufacturing","(D)","(D)","(D)","(D)","(D)","(D)","(D)","(D)","(D)","(D)","(D)",20,23,22,27,29,"(NA)"
"40420","Rockford, IL (Metropolitan Statistical Area)"," ","200","Gross domestic product (GDP) by metropolitan area (millions of current dollars)","30","323","    Printing and related support activities",37,"(D)","(D)","(D)",35,36,40,44,34,"(D)","(D)",25,23,26,"(D)","(D)","(NA)"
"40420","Rockford, IL (Metropolitan Statistical Area)"," ","200","Gross domestic product (GDP) by metropolitan area (millions of current dollars)","31","324","    Petroleum and coal products manufacturing","(D)",18,32,36,40,39,63,42,61,24,51,63,68,111,99,72,"(NA)"
"40420","Rockford, IL (Metropolitan Statistical Area)"," ","200","Gross domestic product (GDP) by metropolitan area (millions of current dollars)","32","325","    Chemical manufacturing","(D)","(D)","(D)","(D)","(D)","(D)",125,"(D)","(D)","(D)","(D)","(D)","(D)","(D)","(D)","(D)","(NA)"
"40420","Rockford, IL (Metropolitan Statistical Area)"," ","200","Gross domestic product (GDP) by metropolitan area (millions of current dollars)","33","326","    Plastics and rubber products manufacturing",60,60,60,63,69,64,55,46,50,55,47,54,"(D)","(D)","(D)","(D)","(NA)"
"40420","Rockford, IL (Metropolitan Statistical Area)"," ","200","Gross domestic product (GDP) by metropolitan area (millions of current dollars)","34","42","  Wholesale trade",514,504,506,570,638,668,"(D)","(D)","(D)","(D)","(D)","(D)",806,"(D)",828,778,849
"40420","Rockford, IL (Metropolitan Statistical Area)"," ","200","Gross domestic product (GDP) by metropolitan area (millions of current dollars)","35","44-45","  Retail trade",681,695,727,778,820,833,828,831,791,786,785,791,835,892,946,941,950
"40420","Rockford, IL (Metropolitan Statistical Area)"," ","200","Gross domestic product (GDP) by metropolitan area (millions of current dollars)","36","48-49","  Transportation and warehousing","(D)","(D)","(D)","(D)",337,"(D)","(D)",392,398,448,462,419,"(D)",443,511,471,443
"40420","Rockford, IL (Metropolitan Statistical Area)"," ","200","Gross domestic product (GDP) by metropolitan area (millions of current dollars)","37","481","   Air transportation","(D)",7,"(D)","(D)","(D)","(D)",40,38,"(D)","(D)","(D)","(D)","(D)","(D)","(D)","(D)","(NA)"
"40420","Rockford, IL (Metropolitan Statistical Area)"," ","200","Gross domestic product (GDP) by metropolitan area (millions of current dollars)","38","482","   Rail transportation",4,4,5,6,6,6,7,8,7,7,8,9,9,10,8,8,"(NA)"
"40420","Rockford, IL (Metropolitan Statistical Area)"," ","200","Gross domestic product (GDP) by metropolitan area (millions of current dollars)","39","483","   Water transportation","(L)",0,"(L)",0,"(L)","(L)","(L)",1,3,2,1,"(L)",1,1,1,1,"(NA)"
"40420","Rockford, IL (Metropolitan Statistical Area)"," ","200","Gross domestic product (GDP) by metropolitan area (millions of current dollars)","40","484","   Truck transportation",112,114,109,117,123,127,121,123,126,143,148,123,130,152,201,183,"(NA)"
"40420","Rockford, IL (Metropolitan Statistical Area)"," ","200","Gross domestic product (GDP) by metropolitan area (millions of current dollars)","41","485","   Transit and ground passenger transportation","(D)","(D)","(D)","(D)","(D)",12,"(D)","(D)","(D)",19,"(D)","(D)",15,"(D)","(D)","(D)","(NA)"
"40420","Rockford, IL (Metropolitan Statistical Area)"," ","200","Gross domestic product (GDP) by metropolitan area (millions of current dollars)","42","486","   Pipeline transportation","(D)","(D)","(D)","(D)","(D)","(D)","(D)","(D)",2,2,3,2,9,9,13,"(L)","(NA)"
"40420","Rockford, IL (Metropolitan Statistical Area)"," ","200","Gross domestic product (GDP) by metropolitan area (millions of current dollars)","43","487-488, 492","   Other transportation and support activities","(D)","(D)","(D)","(D)","(D)","(D)",112,"(D)","(D)","(D)","(D)","(D)","(D)",128,142,144,"(NA)"
"40420","Rockford, IL (Metropolitan Statistical Area)"," ","200","Gross domestic product (GDP) by metropolitan area (millions of current dollars)","44","493","   Warehousing and storage","(D)","(D)","(D)","(D)","(D)","(D)","(D)","(D)",85,100,112,"(D)","(D)","(D)","(D)","(D)","(NA)"
"40420","Rockford, IL (Metropolitan Statistical Area)"," ","200","Gross domestic product (GDP) by metropolitan area (millions of current dollars)","45","51","  Information",171,194,212,260,254,264,298,303,279,281,270,262,253,249,271,320,312
"40420","Rockford, IL (Metropolitan Statistical Area)"," ","200","Gross domestic product (GDP) by metropolitan area (millions of current dollars)","46","511","   Publishing industries (except Internet)",57,69,"(D)","(D)","(D)","(D)","(D)","(D)","(D)","(D)","(D)","(D)","(D)","(D)","(D)",129,"(NA)"
"40420","Rockford, IL (Metropolitan Statistical Area)"," ","200","Gross domestic product (GDP) by metropolitan area (millions of current dollars)","47","512","   Motion picture and sound recording industries","(D)","(D)","(D)","(D)","(D)","(D)","(D)","(D)","(D)","(D)","(D)","(D)","(D)","(D)","(D)","(D)","(NA)"
"40420","Rockford, IL (Metropolitan Statistical Area)"," ","200","Gross domestic product (GDP) by metropolitan area (millions of current dollars)","48","515, 517","   Broadcasting (except Internet) and telecommunications","(D)","(D)","(D)","(D)","(D)","(D)",172,163,143,135,133,129,128,128,129,167,"(NA)"
"40420","Rockford, IL (Metropolitan Statistical Area)"," ","200","Gross domestic product (GDP) by metropolitan area (millions of current dollars)","49","518, 519","   Data processing, hosting, and other information services","(D)","(D)","(D)","(D)","(D)",22,"(D)","(D)","(D)","(D)","(D)","(D)",5,6,7,"(D)","(NA)"
"40420","Rockford, IL (Metropolitan Statistical Area)"," ","200","Gross domestic product (GDP) by metropolitan area (millions of current dollars)","50","52, 53","  Finance, insurance, real estate, rental, and leasing",1523,1447,1630,1502,1530,1451,1445,1362,1509,1586,1576,1627,1611,1769,1916,1987,2040
"40420","Rockford, IL (Metropolitan Statistical Area)"," ","200","Gross domestic product (GDP) by metropolitan area (millions of current dollars)","51","52","   Finance and insurance",641,649,670,677,716,759,744,625,723,757,780,857,702,857,954,977,956
"40420","Rockford, IL (Metropolitan Statistical Area)"," ","200","Gross domestic product (GDP) by metropolitan area (millions of current dollars)","52","521-522","    Monetary Authorities- central bank, credit intermediation, and related services",293,319,315,253,288,298,298,279,272,267,259,257,242,222,229,234,"(NA)"
"40420","Rockford, IL (Metropolitan Statistical Area)"," ","200","Gross domestic product (GDP) by metropolitan area (millions of current dollars)","53","523","    Securities, commodity contracts, and other financial investments and related activities","(D)","(D)","(D)","(D)","(D)",121,107,80,"(D)","(D)","(D)",303,"(D)","(D)","(D)","(D)","(NA)"
"40420","Rockford, IL (Metropolitan Statistical Area)"," ","200","Gross domestic product (GDP) by metropolitan area (millions of current dollars)","54","524","    Insurance carriers and related activities","(D)","(D)","(D)","(D)",297,331,325,247,284,282,274,253,243,373,492,506,"(NA)"
"40420","Rockford, IL (Metropolitan Statistical Area)"," ","200","Gross domestic product (GDP) by metropolitan area (millions of current dollars)","55","525","    Funds, trusts, and other financial vehicles","(D)","(D)","(D)","(D)","(D)",8,14,20,"(D)","(D)","(D)",44,"(D)","(D)","(D)","(D)","(NA)"
"40420","Rockford, IL (Metropolitan Statistical Area)"," ","200","Gross domestic product (GDP) by metropolitan area (millions of current dollars)","56","53","   Real estate and rental and leasing",882,798,961,825,814,692,701,736,786,829,796,770,910,912,962,1011,1084
"40420","Rockford, IL (Metropolitan Statistical Area)"," ","200","Gross domestic product (GDP) by metropolitan area (millions of current dollars)","57","531","    Real estate",815,724,884,752,745,614,618,654,701,749,716,686,840,860,913,944,"(NA)"
"40420","Rockford, IL (Metropolitan Statistical Area)"," ","200","Gross domestic product (GDP) by metropolitan area (millions of current dollars)","58","532-533","    Rental and leasing services and lessors of nonfinancial intangible assets",67,75,77,73,69,78,83,83,85,81,81,84,69,51,49,66,"(NA)"
"40420","Rockford, IL (Metropolitan Statistical Area)"," ","200","Gross domestic product (GDP) by metropolitan area (millions of current dollars)","59","54, 55, 56","  Professional and business services",630,703,779,792,830,863,907,951,862,856,900,936,957,981,966,946,1010
"40420","Rockford, IL (Metropolitan Statistical Area)"," ","200","Gross domestic product (GDP) by metropolitan area (millions of current dollars)","60","54","   Professional, scientific, and technical services","(D)","(D)","(D)","(D)",371,376,375,396,374,367,363,342,350,365,368,346,381
"40420","Rockford, IL (Metropolitan Statistical Area)"," ","200","Gross domestic product (GDP) by metropolitan area (millions of current dollars)","64","55","   Management of companies and enterprises","(D)","(D)","(D)","(D)",19,23,24,20,26,25,20,18,18,18,20,22,25
"40420","Rockford, IL (Metropolitan Statistical Area)"," ","200","Gross domestic product (GDP) by metropolitan area (millions of current dollars)","65","56","   Administrative and support and waste management and remediation services",311,367,411,418,440,464,508,535,463,464,518,576,589,598,578,578,604
"40420","Rockford, IL (Metropolitan Statistical Area)"," ","200","Gross domestic product (GDP) by metropolitan area (millions of current dollars)","66","561","    Administrative and support services","(D)","(D)","(D)",391,"(D)","(D)","(D)","(D)","(D)","(D)","(D)","(D)",558,570,551,571,"(NA)"
"40420","Rockford, IL (Metropolitan Statistical Area)"," ","200","Gross domestic product (GDP) by metropolitan area (millions of current dollars)","67","562","    Waste management and remediation services","(D)","(D)","(D)",26,"(D)","(D)","(D)","(D)","(D)","(D)","(D)","(D)",31,29,26,7,"(NA)"
"40420","Rockford, IL (Metropolitan Statistical Area)"," ","200","Gross domestic product (GDP) by metropolitan area (millions of current dollars)","68","61, 62","  Educational services, health care, and social assistance",1022,1108,1131,1135,1202,1290,1359,1468,1539,1536,1568,1591,1638,1646,1665,1788,1847
"40420","Rockford, IL (Metropolitan Statistical Area)"," ","200","Gross domestic product (GDP) by metropolitan area (millions of current dollars)","69","61","   Educational services","(D)","(D)","(D)","(D)","(D)",67,70,74,81,81,81,83,82,85,81,83,85
"40420","Rockford, IL (Metropolitan Statistical Area)"," ","200","Gross domestic product (GDP) by metropolitan area (millions of current dollars)","70","62","   Health care and social assistance","(D)","(D)","(D)","(D)","(D)",1223,1289,1394,1458,1454,1488,1508,1556,1560,1584,1705,1762
"40420","Rockford, IL (Metropolitan Statistical Area)"," ","200","Gross domestic product (GDP) by metropolitan area (millions of current dollars)","71","621","    Ambulatory health care services",465,504,502,485,508,543,572,604,626,622,627,644,646,660,666,724,"(NA)"
"40420","Rockford, IL (Metropolitan Statistical Area)"," ","200","Gross domestic product (GDP) by metropolitan area (millions of current dollars)","72","622-623","    Hospitals, nursing, and residential care facilities","(D)","(D)","(D)","(D)","(D)","(D)","(D)","(D)","(D)","(D)","(D)","(D)","(D)","(D)","(D)","(D)","(NA)"
"40420","Rockford, IL (Metropolitan Statistical Area)"," ","200","Gross domestic product (GDP) by metropolitan area (millions of current dollars)","73","624","    Social assistance",65,68,67,62,"(D)","(D)","(D)","(D)","(D)","(D)","(D)","(D)","(D)","(D)","(D)","(D)","(NA)"
"40420","Rockford, IL (Metropolitan Statistical Area)"," ","200","Gross domestic product (GDP) by metropolitan area (millions of current dollars)","74","71, 72","  Arts, entertainment, recreation, accommodation, and food services",250,262,258,274,313,320,334,331,334,342,346,381,361,385,424,445,462
"40420","Rockford, IL (Metropolitan Statistical Area)"," ","200","Gross domestic product (GDP) by metropolitan area (millions of current dollars)","75","71","   Arts, entertainment, and recreation",24,28,31,38,43,45,45,49,53,56,60,64,70,77,75,80,85
"40420","Rockford, IL (Metropolitan Statistical Area)"," ","200","Gross domestic product (GDP) by metropolitan area (millions of current dollars)","76","711-712","    Performing arts, spectator sports, museums, and related activities","(D)",9,10,"(D)","(D)","(D)","(D)","(D)",13,19,26,28,31,31,34,37,"(NA)"
"40420","Rockford, IL (Metropolitan Statistical Area)"," ","200","Gross domestic product (GDP) by metropolitan area (millions of current dollars)","77","713","    Amusement, gambling, and recreation industries","(D)",19,21,"(D)","(D)","(D)","(D)","(D)",40,37,34,36,39,46,41,43,"(NA)"
"40420","Rockford, IL (Metropolitan Statistical Area)"," ","200","Gross domestic product (GDP) by metropolitan area (millions of current dollars)","78","72","   Accommodation and food services",226,235,228,237,269,276,288,282,281,286,286,317,290,308,348,365,377
"40420","Rockford, IL (Metropolitan Statistical Area)"," ","200","Gross domestic product (GDP) by metropolitan area (millions of current dollars)","79","721","    Accommodation","(D)","(D)","(D)",34,41,47,52,45,"(D)","(D)",39,"(D)","(D)","(D)",41,"(D)","(NA)"
"40420","Rockford, IL (Metropolitan Statistical Area)"," ","200","Gross domestic product (GDP) by metropolitan area (millions of current dollars)","80","722","    Food services and drinking places","(D)","(D)","(D)",202,229,229,237,238,"(D)","(D)",247,"(D)","(D)","(D)",307,"(D)","(NA)"
"40420","Rockford, IL (Metropolitan Statistical Area)"," ","200","Gross domestic product (GDP) by metropolitan area (millions of current dollars)","81","81","  Other services (except government and government enterprises)",284,302,315,337,345,353,361,362,363,353,356,366,385,399,403,397,389
"40420","Rockford, IL (Metropolitan Statistical Area)"," ","200","Gross domestic product (GDP) by metropolitan area (millions of current dollars)","82","..."," Government and government enterprises",852,910,967,1011,1067,1102,1157,1199,1257,1322,1298,1280,1282,1339,1352,1365,1387
"40420","Rockford, IL (Metropolitan Statistical Area)"," ","200","Gross domestic product (GDP) by metropolitan area (millions of current dollars)","83","...","  Federal civilian",104,107,107,114,115,116,118,117,118,128,122,120,108,109,114,114,"(NA)"
"40420","Rockford, IL (Metropolitan Statistical Area)"," ","200","Gross domestic product (GDP) by metropolitan area (millions of current dollars)","84","...","  Military",13,19,27,28,31,30,31,33,37,36,34,34,32,31,29,30,"(NA)"
"40420","Rockford, IL (Metropolitan Statistical Area)"," ","200","Gross domestic product (GDP) by metropolitan area (millions of current dollars)","85","...","  State and local",734,785,832,869,921,955,1008,1048,1103,1158,1142,1126,1142,1199,1209,1220,"(NA)"
"40420","Rockford, IL (Metropolitan Statistical Area)"," ","200","Gross domestic product (GDP) by metropolitan area (millions of current dollars)","86","11, 21","Natural resources and mining",24,26,22,40,18,21,"(D)","(D)","(D)",15,91,35,129,67,8,26,28
"40420","Rockford, IL (Metropolitan Statistical Area)"," ","200","Gross domestic product (GDP) by metropolitan area (millions of current dollars)","87","42, 44-45","Trade",1195,1199,1233,1348,1458,1501,"(D)","(D)","(D)","(D)","(D)","(D)",1640,"(D)",1774,1719,1799
"40420","Rockford, IL (Metropolitan Statistical Area)"," ","200","Gross domestic product (GDP) by metropolitan area (millions of current dollars)","88","...","Transportation and utilities",537,545,555,548,571,628,720,"(D)","(D)","(D)","(D)","(D)",817,"(D)",983,968,966
"40420","Rockford, IL (Metropolitan Statistical Area)"," ","200","Gross domestic product (GDP) by metropolitan area (millions of current dollars)","89","...","Private goods-producing industries",4089,4031,3923,4042,4178,4638,4737,"(D)","(D)",3891,4294,4902,4778,4907,4857,4786,5120
"40420","Rockford, IL (Metropolitan Statistical Area)"," ","200","Gross domestic product (GDP) by metropolitan area (millions of current dollars)","90","...","Private services-providing industries",5612,5760,6113,6196,6503,6669,6973,"(D)","(D)",7249,7378,7519,7662,8004,8402,8570,8826
"40420","Rockford, IL (Metropolitan Statistical Area)"," ","800","Quantity indexes for real GDP by metropolitan area (2009=100.0)","1","...","All industry total",103.095,103.072,104.639,105.030,106.638,110.397,111.781,109.064,100.000,102.243,105.423,108.244,106.017,107.476,106.391,105.218,108.538
"40420","Rockford, IL (Metropolitan Statistical Area)"," ","800","Quantity indexes for real GDP by metropolitan area (2009=100.0)","2","..."," Private industries",104.353,104.026,105.548,106.031,107.662,111.932,113.410,110.341,100.000,102.233,106.229,109.747,107.494,108.953,107.930,106.691,110.457
"40420","Rockford, IL (Metropolitan Statistical Area)"," ","800","Quantity indexes for real GDP by metropolitan area (2009=100.0)","3","11","  Agriculture, forestry, fishing, and hunting","(D)","(D)","(D)","(D)","(D)","(D)","(D)","(D)","(D)","(D)","(D)","(D)","(D)","(D)","(D)","(D)","(D)"
"40420","Rockford, IL (Metropolitan Statistical Area)"," ","800","Quantity indexes for real GDP by metropolitan area (2009=100.0)","4","111-112","   Farms",157.158,198.988,141.680,231.126,104.242,128.683,293.118,299.024,100.000,77.924,431.278,143.368,592.633,315.421,0.000,107.766,"(NA)"
"40420","Rockford, IL (Metropolitan Statistical Area)"," ","800","Quantity indexes for real GDP by metropolitan area (2009=100.0)","5","113-115","   Forestry, fishing, and related activities","(D)","(D)","(D)","(D)","(D)","(D)","(D)","(D)","(D)","(D)","(D)","(D)","(D)","(D)","(D)","(D)","(NA)"
"40420","Rockford, IL (Metropolitan Statistical Area)"," ","800","Quantity indexes for real GDP by metropolitan area (2009=100.0)","6","21","  Mining, quarrying, and oil and gas extraction","(D)","(D)","(D)","(D)","(D)","(D)","(D)",184.486,100.000,"(D)","(D)","(D)",165.871,"(D)","(D)","(D)","(D)"
"40420","Rockford, IL (Metropolitan Statistical Area)"," ","800","Quantity indexes for real GDP by metropolitan area (2009=100.0)","7","211","   Oil and gas extraction",133.936,222.254,173.663,1242.741,504.173,706.199,57.066,1068.770,100.000,680.876,3351.796,2146.922,2186.335,1941.891,4083.498,2647.177,"(NA)"
"40420","Rockford, IL (Metropolitan Statistical Area)"," ","800","Quantity indexes for real GDP by metropolitan area (2009=100.0)","8","212","   Mining (except oil and gas)","(D)","(D)","(D)","(D)","(D)","(D)","(D)","(D)","(D)","(D)","(D)","(D)","(D)","(D)","(D)","(D)","(NA)"
"40420","Rockford, IL (Metropolitan Statistical Area)"," ","800","Quantity indexes for real GDP by metropolitan area (2009=100.0)","9","213","   Support activities for mining","(D)","(D)","(D)","(D)","(D)","(D)","(D)","(D)","(D)","(D)","(D)","(D)","(D)","(D)","(D)","(D)","(NA)"
"40420","Rockford, IL (Metropolitan Statistical Area)"," ","800","Quantity indexes for real GDP by metropolitan area (2009=100.0)","10","22","  Utilities","(D)","(D)","(D)","(D)","(D)","(D)","(D)","(D)","(D)","(D)","(D)","(D)","(D)","(D)","(D)","(D)","(D)"
"40420","Rockford, IL (Metropolitan Statistical Area)"," ","800","Quantity indexes for real GDP by metropolitan area (2009=100.0)","11","23","  Construction",188.432,196.546,192.703,182.369,178.866,173.572,166.316,130.006,100.000,81.889,80.497,77.722,78.547,83.226,88.415,94.012,92.814
"40420","Rockford, IL (Metropolitan Statistical Area)"," ","800","Quantity indexes for real GDP by metropolitan area (2009=100.0)","12","31-33","  Manufacturing",110.862,107.435,104.915,109.739,111.323,126.462,127.715,123.777,100.000,107.611,118.508,133.178,122.892,123.602,115.603,109.947,119.497
"40420","Rockford, IL (Metropolitan Statistical Area)"," ","800","Quantity indexes for real GDP by metropolitan area (2009=100.0)","13","321,327-339","   Durable goods manufacturing",114.598,111.477,107.237,115.326,118.545,"(D)","(D)","(D)",100.000,110.325,127.530,"(D)",132.664,132.957,120.927,112.298,124.052
"40420","Rockford, IL (Metropolitan Statistical Area)"," ","800","Quantity indexes for real GDP by metropolitan area (2009=100.0)","14","321","    Wood product manufacturing","(D)","(D)",57.318,"(D)",51.624,59.938,92.695,97.170,100.000,82.927,88.507,65.994,"(D)","(D)","(D)","(D)","(NA)"
"40420","Rockford, IL (Metropolitan Statistical Area)"," ","800","Quantity indexes for real GDP by metropolitan area (2009=100.0)","15","327","    Nonmetallic mineral product manufacturing",155.124,"(D)","(D)",105.611,124.549,124.268,121.989,118.016,100.000,"(D)","(D)","(D)",99.591,"(D)","(D)","(D)","(NA)"
"40420","Rockford, IL (Metropolitan Statistical Area)"," ","800","Quantity indexes for real GDP by metropolitan area (2009=100.0)","16","331","    Primary metal manufacturing","(D)","(D)","(D)","(D)","(D)","(D)","(D)","(D)","(D)","(D)","(D)","(D)","(D)","(D)","(D)","(D)","(NA)"
"40420","Rockford, IL (Metropolitan Statistical Area)"," ","800","Quantity indexes for real GDP by metropolitan area (2009=100.0)","17","332","    Fabricated metal product manufacturing",168.250,161.764,164.320,161.129,154.250,146.964,143.607,135.360,100.000,112.964,119.311,123.542,120.491,125.624,124.482,121.382,"(NA)"
"40420","Rockford, IL (Metropolitan Statistical Area)"," ","800","Quantity indexes for real GDP by metropolitan area (2009=100.0)","18","333","    Machinery manufacturing",104.370,88.770,88.974,97.892,103.141,112.519,117.804,115.692,100.000,107.361,127.960,142.979,111.296,112.409,94.684,78.367,"(NA)"
"40420","Rockford, IL (Metropolitan Statistical Area)"," ","800","Quantity indexes for real GDP by metropolitan area (2009=100.0)","19","334","    Computer and electronic product manufacturing","(D)","(D)","(D)","(D)","(D)","(D)","(D)","(D)","(D)","(D)","(D)","(D)","(D)","(D)","(D)","(D)","(NA)"
"40420","Rockford, IL (Metropolitan Statistical Area)"," ","800","Quantity indexes for real GDP by metropolitan area (2009=100.0)","20","335","    Electrical equipment, appliance, and component manufacturing","(D)",109.246,126.763,126.390,137.429,165.389,157.609,155.363,100.000,82.823,94.349,102.731,110.402,"(D)","(D)","(D)","(NA)"
"40420","Rockford, IL (Metropolitan Statistical Area)"," ","800","Quantity indexes for real GDP by metropolitan area (2009=100.0)","21","3361-3363","    Motor vehicles, bodies and trailers, and parts manufacturing","(D)","(D)","(D)","(D)","(D)","(D)","(D)","(D)","(D)","(D)","(D)","(D)","(D)","(D)","(D)","(D)","(NA)"
"40420","Rockford, IL (Metropolitan Statistical Area)"," ","800","Quantity indexes for real GDP by metropolitan area (2009=100.0)","22","3364-3369","    Other transportation equipment manufacturing","(D)","(D)","(D)","(D)","(D)","(D)","(D)","(D)","(D)","(D)","(D)","(D)","(D)","(D)","(D)","(D)","(NA)"
"40420","Rockford, IL (Metropolitan Statistical Area)"," ","800","Quantity indexes for real GDP by metropolitan area (2009=100.0)","23","337","    Furniture and related product manufacturing","(D)","(D)","(D)","(D)",203.636,217.922,191.570,168.685,100.000,97.941,105.038,138.867,169.654,161.667,155.374,160.799,"(NA)"
"40420","Rockford, IL (Metropolitan Statistical Area)"," ","800","Quantity indexes for real GDP by metropolitan area (2009=100.0)","24","339","    Miscellaneous manufacturing","(D)","(D)","(D)","(D)","(D)","(D)","(D)",90.702,100.000,73.795,88.039,88.487,93.113,93.574,87.631,88.054,"(NA)"
"40420","Rockford, IL (Metropolitan Statistical Area)"," ","800","Quantity indexes for real GDP by metropolitan area (2009=100.0)","25","311-316,322-326","   Nondurable goods manufacturing",99.854,95.001,99.397,91.232,86.413,"(D)","(D)","(D)",100.000,98.135,87.901,"(D)",89.810,91.863,97.270,101.800,103.789
"40420","Rockford, IL (Metropolitan Statistical Area)"," ","800","Quantity indexes for real GDP by metropolitan area (2009=100.0)","26","311-312","    Food and beverage and tobacco products manufacturing",106.319,"(D)","(D)","(D)","(D)","(D)","(D)","(D)",100.000,97.132,81.485,85.616,85.856,81.186,81.579,79.018,"(NA)"
"40420","Rockford, IL (Metropolitan Statistical Area)"," ","800","Quantity indexes for real GDP by metropolitan area (2009=100.0)","27","313-314","    Textile mills and textile product mills","(D)","(D)","(D)","(D)","(D)","(D)","(D)","(D)","(D)","(D)","(D)","(D)","(D)","(D)","(D)","(D)","(NA)"
"40420","Rockford, IL (Metropolitan Statistical Area)"," ","800","Quantity indexes for real GDP by metropolitan area (2009=100.0)","28","315-316","    Apparel, leather, and allied product manufacturing","(D)","(D)","(D)","(D)","(D)","(D)","(D)","(D)","(D)","(D)","(D)","(D)","(D)","(D)","(D)","(D)","(NA)"
"40420","Rockford, IL (Metropolitan Statistical Area)"," ","800","Quantity indexes for real GDP by metropolitan area (2009=100.0)","29","322","    Paper manufacturing","(D)","(D)","(D)","(D)","(D)","(D)","(D)","(D)","(D)","(D)","(D)","(D)","(D)","(D)","(D)","(D)","(NA)"
"40420","Rockford, IL (Metropolitan Statistical Area)"," ","800","Quantity indexes for real GDP by metropolitan area (2009=100.0)","30","323","    Printing and related support activities",105.199,"(D)","(D)","(D)",103.258,101.735,115.555,131.381,100.000,"(D)","(D)",79.554,74.367,80.686,"(D)","(D)","(NA)"
"40420","Rockford, IL (Metropolitan Statistical Area)"," ","800","Quantity indexes for real GDP by metropolitan area (2009=100.0)","31","324","    Petroleum and coal products manufacturing","(D)",49.000,73.531,72.650,58.672,48.889,72.902,51.939,100.000,29.707,41.293,48.079,60.850,102.824,107.894,108.800,"(NA)"
"40420","Rockford, IL (Metropolitan Statistical Area)"," ","800","Quantity indexes for real GDP by metropolitan area (2009=100.0)","32","325","    Chemical manufacturing","(D)","(D)","(D)","(D)","(D)","(D)","(D)","(D)","(D)","(D)","(D)","(D)","(D)","(D)","(D)","(D)","(NA)"
"40420","Rockford, IL (Metropolitan Statistical Area)"," ","800","Quantity indexes for real GDP by metropolitan area (2009=100.0)","33","326","    Plastics and rubber products manufacturing",140.073,138.204,141.484,154.145,164.341,139.142,123.851,102.385,100.000,113.507,94.274,103.426,"(D)","(D)","(D)","(D)","(NA)"
"40420","Rockford, IL (Metropolitan Statistical Area)"," ","800","Quantity indexes for real GDP by metropolitan area (2009=100.0)","34","42","  Wholesale trade","(D)","(D)","(D)","(D)","(D)","(D)","(D)","(D)","(D)","(D)","(D)","(D)","(D)","(D)","(D)","(D)","(D)"
"40420","Rockford, IL (Metropolitan Statistical Area)"," ","800","Quantity indexes for real GDP by metropolitan area (2009=100.0)","35","44-45","  Retail trade",97.085,99.307,104.529,109.701,112.910,111.445,107.831,106.270,100.000,98.563,96.491,94.710,99.035,105.038,109.427,109.329,110.149
"40420","Rockford, IL (Metropolitan Statistical Area)"," ","800","Quantity indexes for real GDP by metropolitan area (2009=100.0)","36","48-49","  Transportation and warehousing","(D)","(D)","(D)","(D)",94.196,"(D)","(D)",100.922,100.000,113.177,115.716,102.397,"(D)",103.496,114.237,102.985,95.345
"40420","Rockford, IL (Metropolitan Statistical Area)"," ","800","Quantity indexes for real GDP by metropolitan area (2009=100.0)","37","481","   Air transportation","(D)","(D)","(D)","(D)","(D)","(D)","(D)","(D)","(D)","(D)","(D)","(D)","(D)","(D)","(D)","(D)","(NA)"
"40420","Rockford, IL (Metropolitan Statistical Area)"," ","800","Quantity indexes for real GDP by metropolitan area (2009=100.0)","38","482","   Rail transportation",94.047,90.679,109.518,120.074,117.051,109.660,117.064,121.014,100.000,106.524,107.304,117.243,119.227,121.563,97.885,96.407,"(NA)"
"40420","Rockford, IL (Metropolitan Statistical Area)"," ","800","Quantity indexes for real GDP by metropolitan area (2009=100.0)","39","483","   Water transportation",0.791,0.000,0.205,0.000,0.813,2.695,14.035,19.402,100.000,76.610,30.482,13.135,28.622,18.618,25.693,18.454,"(NA)"
"40420","Rockford, IL (Metropolitan Statistical Area)"," ","800","Quantity indexes for real GDP by metropolitan area (2009=100.0)","40","484","   Truck transportation",103.124,103.191,97.666,103.251,105.405,107.506,101.188,100.482,100.000,119.568,125.147,100.375,102.630,115.591,143.912,126.461,"(NA)"
"40420","Rockford, IL (Metropolitan Statistical Area)"," ","800","Quantity indexes for real GDP by metropolitan area (2009=100.0)","41","485","   Transit and ground passenger transportation","(D)","(D)","(D)","(D)","(D)","(D)","(D)","(D)","(D)","(D)","(D)","(D)","(D)","(D)","(D)","(D)","(NA)"
"40420","Rockford, IL (Metropolitan Statistical Area)"," ","800","Quantity indexes for real GDP by metropolitan area (2009=100.0)","42","486","   Pipeline transportation","(D)","(D)","(D)","(D)","(D)","(D)","(D)","(D)",100.000,71.024,106.606,61.440,333.124,328.834,411.242,2.573,"(NA)"
"40420","Rockford, IL (Metropolitan Statistical Area)"," ","800","Quantity indexes for real GDP by metropolitan area (2009=100.0)","43","487-488, 492","   Other transportation and support activities","(D)","(D)","(D)","(D)","(D)","(D)","(D)","(D)","(D)","(D)","(D)","(D)","(D)","(D)","(D)","(D)","(NA)"
"40420","Rockford, IL (Metropolitan Statistical Area)"," ","800","Quantity indexes for real GDP by metropolitan area (2009=100.0)","44","493","   Warehousing and storage","(D)","(D)","(D)","(D)","(D)","(D)","(D)","(D)",100.000,121.492,142.903,"(D)","(D)","(D)","(D)","(D)","(NA)"
"40420","Rockford, IL (Metropolitan Statistical Area)"," ","800","Quantity indexes for real GDP by metropolitan area (2009=100.0)","45","51","  Information",57.658,65.426,71.411,88.597,88.252,92.946,106.121,108.958,100.000,101.510,97.651,94.596,90.368,89.037,98.435,116.956,115.390
"40420","Rockford, IL (Metropolitan Statistical Area)"," ","800","Quantity indexes for real GDP by metropolitan area (2009=100.0)","46","511","   Publishing industries (except Internet)","(D)","(D)","(D)","(D)","(D)","(D)","(D)","(D)","(D)","(D)","(D)","(D)","(D)","(D)","(D)","(D)","(NA)"
"40420","Rockford, IL (Metropolitan Statistical Area)"," ","800","Quantity indexes for real GDP by metropolitan area (2009=100.0)","47","512","   Motion picture and sound recording industries","(D)","(D)","(D)","(D)","(D)","(D)","(D)","(D)","(D)","(D)","(D)","(D)","(D)","(D)","(D)","(D)","(NA)"
"40420","Rockford, IL (Metropolitan Statistical Area)"," ","800","Quantity indexes for real GDP by metropolitan area (2009=100.0)","48","515, 517","   Broadcasting (except Internet) and telecommunications","(D)","(D)","(D)","(D)","(D)","(D)",116.257,113.109,100.000,94.782,94.307,91.106,89.834,90.117,93.575,123.557,"(NA)"
"40420","Rockford, IL (Metropolitan Statistical Area)"," ","800","Quantity indexes for real GDP by metropolitan area (2009=100.0)","49","518, 519","   Data processing, hosting, and other information services","(D)","(D)","(D)","(D)","(D)","(D)","(D)","(D)","(D)","(D)","(D)","(D)","(D)","(D)","(D)","(D)","(NA)"
"40420","Rockford, IL (Metropolitan Statistical Area)"," ","800","Quantity indexes for real GDP by metropolitan area (2009=100.0)","50","52, 53","  Finance, insurance, real estate, rental, and leasing",113.783,105.082,115.303,103.599,103.263,95.986,94.425,87.796,100.000,103.550,101.214,101.048,96.919,102.980,107.849,107.897,108.005
"40420","Rockford, IL (Metropolitan Statistical Area)"," ","800","Quantity indexes for real GDP by metropolitan area (2009=100.0)","51","52","   Finance and insurance",93.446,92.824,92.829,91.064,94.184,98.545,96.148,79.931,100.000,100.767,101.301,106.222,83.050,96.724,103.450,101.333,97.233
"40420","Rockford, IL (Metropolitan Statistical Area)"," ","800","Quantity indexes for real GDP by metropolitan area (2009=100.0)","52","521-522","    Monetary Authorities- central bank, credit intermediation, and related services",102.434,109.460,105.305,83.057,93.062,94.048,92.913,87.088,100.000,92.895,89.508,83.771,74.251,64.268,61.748,56.444,"(NA)"
"40420","Rockford, IL (Metropolitan Statistical Area)"," ","800","Quantity indexes for real GDP by metropolitan area (2009=100.0)","53","523","    Securities, commodity contracts, and other financial investments and related activities","(D)","(D)","(D)","(D)","(D)","(D)","(D)","(D)","(D)","(D)","(D)","(D)","(D)","(D)","(D)","(D)","(NA)"
"40420","Rockford, IL (Metropolitan Statistical Area)"," ","800","Quantity indexes for real GDP by metropolitan area (2009=100.0)","54","524","    Insurance carriers and related activities","(D)","(D)","(D)","(D)",105.025,117.361,115.594,89.366,100.000,97.998,92.554,83.755,79.929,121.511,158.939,161.794,"(NA)"
"40420","Rockford, IL (Metropolitan Statistical Area)"," ","800","Quantity indexes for real GDP by metropolitan area (2009=100.0)","55","525","    Funds, trusts, and other financial vehicles","(D)","(D)","(D)","(D)","(D)","(D)","(D)","(D)","(D)","(D)","(D)","(D)","(D)","(D)","(D)","(D)","(NA)"
"40420","Rockford, IL (Metropolitan Statistical Area)"," ","800","Quantity indexes for real GDP by metropolitan area (2009=100.0)","56","53","   Real estate and rental and leasing",134.632,117.564,138.325,116.297,112.337,92.960,92.263,95.410,100.000,106.169,101.053,95.852,111.107,109.152,112.012,114.406,119.081
"40420","Rockford, IL (Metropolitan Statistical Area)"," ","800","Quantity indexes for real GDP by metropolitan area (2009=100.0)","57","531","    Real estate",138.956,118.668,141.916,118.224,114.767,92.018,90.738,94.658,100.000,107.488,101.840,95.687,114.790,115.065,118.417,118.640,"(NA)"
"40420","Rockford, IL (Metropolitan Statistical Area)"," ","800","Quantity indexes for real GDP by metropolitan area (2009=100.0)","58","532-533","    Rental and leasing services and lessors of nonfinancial intangible assets",97.147,107.937,106.951,99.391,91.101,100.818,104.963,101.693,100.000,95.289,94.558,97.243,80.196,59.182,57.743,80.637,"(NA)"
"40420","Rockford, IL (Metropolitan Statistical Area)"," ","800","Quantity indexes for real GDP by metropolitan area (2009=100.0)","59","54, 55, 56","  Professional and business services",87.903,96.450,105.781,103.544,105.754,106.442,107.862,111.640,100.000,98.930,103.035,105.647,106.138,106.793,102.289,98.112,103.332
"40420","Rockford, IL (Metropolitan Statistical Area)"," ","800","Quantity indexes for real GDP by metropolitan area (2009=100.0)","60","54","   Professional, scientific, and technical services","(D)","(D)","(D)","(D)",110.529,108.054,103.374,107.547,100.000,96.326,93.485,86.423,86.583,88.257,87.274,81.164,88.140
"40420","Rockford, IL (Metropolitan Statistical Area)"," ","800","Quantity indexes for real GDP by metropolitan area (2009=100.0)","64","55","   Management of companies and enterprises","(D)","(D)","(D)","(D)",93.546,104.980,99.642,79.938,100.000,97.218,77.661,67.650,68.018,72.076,78.155,85.029,96.876
"40420","Rockford, IL (Metropolitan Statistical Area)"," ","800","Quantity indexes for real GDP by metropolitan area (2009=100.0)","65","56","   Administrative and support and waste management and remediation services",76.040,88.257,99.504,98.117,102.660,105.316,111.939,116.669,100.000,101.157,112.395,123.906,124.686,124.281,116.221,113.099,116.529
"40420","Rockford, IL (Metropolitan Statistical Area)"," ","800","Quantity indexes for real GDP by metropolitan area (2009=100.0)","66","561","    Administrative and support services","(D)","(D)","(D)","(D)","(D)","(D)","(D)","(D)","(D)","(D)","(D)","(D)","(D)","(D)","(D)","(D)","(NA)"
"40420","Rockford, IL (Metropolitan Statistical Area)"," ","800","Quantity indexes for real GDP by metropolitan area (2009=100.0)","67","562","    Waste management and remediation services","(D)","(D)","(D)","(D)","(D)","(D)","(D)","(D)","(D)","(D)","(D)","(D)","(D)","(D)","(D)","(D)","(NA)"
"40420","Rockford, IL (Metropolitan Statistical Area)"," ","800","Quantity indexes for real GDP by metropolitan area (2009=100.0)","68","61, 62","  Educational services, health care, and social assistance",85.294,89.394,88.296,85.897,88.289,92.381,93.518,98.980,100.000,97.641,98.413,98.053,99.724,98.983,98.309,102.873,104.441
"40420","Rockford, IL (Metropolitan Statistical Area)"," ","800","Quantity indexes for real GDP by metropolitan area (2009=100.0)","69","61","   Educational services","(D)","(D)","(D)","(D)","(D)",93.377,93.513,95.431,100.000,97.468,94.236,93.862,88.847,90.332,82.757,82.460,82.287
"40420","Rockford, IL (Metropolitan Statistical Area)"," ","800","Quantity indexes for real GDP by metropolitan area (2009=100.0)","70","62","   Health care and social assistance","(D)","(D)","(D)","(D)","(D)",92.328,93.520,99.177,100.000,97.650,98.649,98.289,100.352,99.478,99.222,104.082,105.758
"40420","Rockford, IL (Metropolitan Statistical Area)"," ","800","Quantity indexes for real GDP by metropolitan area (2009=100.0)","71","621","    Ambulatory health care services",89.296,95.559,92.993,87.795,89.943,95.133,95.826,99.724,100.000,96.892,96.797,97.985,98.015,99.520,100.691,108.319,"(NA)"
"40420","Rockford, IL (Metropolitan Statistical Area)"," ","800","Quantity indexes for real GDP by metropolitan area (2009=100.0)","72","622-623","    Hospitals, nursing, and residential care facilities","(D)","(D)","(D)","(D)","(D)","(D)","(D)","(D)","(D)","(D)","(D)","(D)","(D)","(D)","(D)","(D)","(NA)"
"40420","Rockford, IL (Metropolitan Statistical Area)"," ","800","Quantity indexes for real GDP by metropolitan area (2009=100.0)","73","624","    Social assistance","(D)","(D)","(D)","(D)","(D)","(D)","(D)","(D)","(D)","(D)","(D)","(D)","(D)","(D)","(D)","(D)","(NA)"
"40420","Rockford, IL (Metropolitan Statistical Area)"," ","800","Quantity indexes for real GDP by metropolitan area (2009=100.0)","74","71, 72","  Arts, entertainment, recreation, accommodation, and food services",98.636,99.183,96.467,100.463,110.563,109.348,109.521,105.116,100.000,102.400,104.042,110.002,101.446,105.889,110.907,111.317,113.112
"40420","Rockford, IL (Metropolitan Statistical Area)"," ","800","Quantity indexes for real GDP by metropolitan area (2009=100.0)","75","71","   Arts, entertainment, and recreation",56.856,62.482,67.362,81.912,91.739,91.391,89.494,94.831,100.000,106.873,114.294,118.055,127.919,137.893,128.606,131.204,138.308
"40420","Rockford, IL (Metropolitan Statistical Area)"," ","800","Quantity indexes for real GDP by metropolitan area (2009=100.0)","76","711-712","    Performing arts, spectator sports, museums, and related activities","(D)",88.606,94.285,"(D)","(D)","(D)","(D)","(D)",100.000,143.073,195.238,202.765,224.501,220.247,229.294,236.473,"(NA)"
"40420","Rockford, IL (Metropolitan Statistical Area)"," ","800","Quantity indexes for real GDP by metropolitan area (2009=100.0)","77","713","    Amusement, gambling, and recreation industries","(D)",53.847,58.422,"(D)","(D)","(D)","(D)","(D)",100.000,94.776,87.062,89.554,95.426,110.208,94.675,95.716,"(NA)"
"40420","Rockford, IL (Metropolitan Statistical Area)"," ","800","Quantity indexes for real GDP by metropolitan area (2009=100.0)","78","72","   Accommodation and food services",106.960,106.482,102.237,104.082,114.224,112.837,113.424,107.093,100.000,101.562,102.123,108.493,96.545,99.974,107.583,107.599,108.448
"40420","Rockford, IL (Metropolitan Statistical Area)"," ","800","Quantity indexes for real GDP by metropolitan area (2009=100.0)","79","721","    Accommodation","(D)","(D)","(D)","(D)","(D)","(D)","(D)","(D)","(D)","(D)","(D)","(D)","(D)","(D)","(D)","(D)","(NA)"
"40420","Rockford, IL (Metropolitan Statistical Area)"," ","800","Quantity indexes for real GDP by metropolitan area (2009=100.0)","80","722","    Food services and drinking places","(D)","(D)","(D)","(D)","(D)","(D)","(D)","(D)","(D)","(D)","(D)","(D)","(D)","(D)","(D)","(D)","(NA)"
"40420","Rockford, IL (Metropolitan Statistical Area)"," ","800","Quantity indexes for real GDP by metropolitan area (2009=100.0)","81","81","  Other services (except government and government enterprises)",106.789,108.723,110.162,114.282,112.538,110.629,108.763,104.892,100.000,94.781,93.568,93.573,95.613,96.370,94.172,90.059,86.197
"40420","Rockford, IL (Metropolitan Statistical Area)"," ","800","Quantity indexes for real GDP by metropolitan area (2009=100.0)","82","..."," Government and government enterprises",92.022,95.017,97.044,96.568,97.981,97.141,97.700,98.031,100.000,102.319,98.656,95.624,93.613,95.078,93.464,92.853,92.402
"40420","Rockford, IL (Metropolitan Statistical Area)"," ","800","Quantity indexes for real GDP by metropolitan area (2009=100.0)","83","...","  Federal civilian",120.057,116.215,111.220,112.850,109.089,106.936,103.944,101.726,100.000,104.970,97.477,95.389,84.569,82.968,85.290,83.846,"(NA)"
"40420","Rockford, IL (Metropolitan Statistical Area)"," ","800","Quantity indexes for real GDP by metropolitan area (2009=100.0)","84","...","  Military",52.343,68.833,90.752,89.772,93.206,86.516,83.660,90.126,100.000,95.538,89.341,87.461,83.167,78.019,73.279,75.539,"(NA)"
"40420","Rockford, IL (Metropolitan Statistical Area)"," ","800","Quantity indexes for real GDP by metropolitan area (2009=100.0)","85","...","  State and local",90.263,93.565,95.707,95.015,96.933,96.441,97.543,97.902,100.000,102.260,99.094,95.923,94.924,96.926,94.994,94.380,"(NA)"
"40420","Rockford, IL (Metropolitan Statistical Area)"," ","800","Quantity indexes for real GDP by metropolitan area (2009=100.0)","86","11, 21","Natural resources and mining","(D)","(D)","(D)","(D)","(D)","(D)","(D)","(D)","(D)","(D)","(D)","(D)","(D)","(D)","(D)","(D)","(D)"
"40420","Rockford, IL (Metropolitan Statistical Area)"," ","800","Quantity indexes for real GDP by metropolitan area (2009=100.0)","87","42, 44-45","Trade","(D)","(D)","(D)","(D)","(D)","(D)","(D)","(D)","(D)","(D)","(D)","(D)","(D)","(D)","(D)","(D)","(D)"
"40420","Rockford, IL (Metropolitan Statistical Area)"," ","800","Quantity indexes for real GDP by metropolitan area (2009=100.0)","88","...","Transportation and utilities","(D)","(D)","(D)","(D)","(D)","(D)","(D)","(D)","(D)","(D)","(D)","(D)","(D)","(D)","(D)","(D)","(D)"
"40420","Rockford, IL (Metropolitan Statistical Area)"," ","800","Quantity indexes for real GDP by metropolitan area (2009=100.0)","89","...","Private goods-producing industries","(D)","(D)","(D)","(D)","(D)","(D)","(D)","(D)","(D)","(D)","(D)","(D)","(D)","(D)","(D)","(D)","(D)"
"40420","Rockford, IL (Metropolitan Statistical Area)"," ","800","Quantity indexes for real GDP by metropolitan area (2009=100.0)","90","...","Private services-providing industries","(D)","(D)","(D)","(D)","(D)","(D)","(D)","(D)","(D)","(D)","(D)","(D)","(D)","(D)","(D)","(D)","(D)"
"40420","Rockford, IL (Metropolitan Statistical Area)"," ","900","Real GDP by metropolitan area (millions of chained 2009 dollars)","1","...","All industry total",12571,12568,12760,12807,13003,13462,13630,13299,12194,12467,12855,13199,12928,13106,12973,12830,13235
"40420","Rockford, IL (Metropolitan Statistical Area)"," ","900","Real GDP by metropolitan area (millions of chained 2009 dollars)","2","..."," Private industries",11413,11377,11544,11597,11775,12242,12404,12068,10937,11181,11618,12003,11757,11916,11804,11669,12081
"40420","Rockford, IL (Metropolitan Statistical Area)"," ","900","Real GDP by metropolitan area (millions of chained 2009 dollars)","3","11","  Agriculture, forestry, fishing, and hunting","(D)","(D)","(D)","(D)","(D)","(D)","(D)","(D)","(D)","(D)","(D)","(D)",79,"(D)","(D)","(D)","(D)"
"40420","Rockford, IL (Metropolitan Statistical Area)"," ","900","Real GDP by metropolitan area (millions of chained 2009 dollars)","4","111-112","   Farms",20,25,18,29,13,16,37,38,13,10,55,18,75,40,0,14,"(NA)"
"40420","Rockford, IL (Metropolitan Statistical Area)"," ","900","Real GDP by metropolitan area (millions of chained 2009 dollars)","5","113-115","   Forestry, fishing, and related activities","(D)","(D)","(D)","(D)","(D)","(D)","(D)","(D)","(D)","(D)","(D)","(D)",2,"(D)","(D)","(D)","(NA)"
"40420","Rockford, IL (Metropolitan Statistical Area)"," ","900","Real GDP by metropolitan area (millions of chained 2009 dollars)","6","21","  Mining, quarrying, and oil and gas extraction","(D)","(D)","(D)","(D)","(D)","(D)","(D)",3,2,"(D)","(D)","(D)",3,"(D)","(D)","(D)","(D)"
"40420","Rockford, IL (Metropolitan Statistical Area)"," ","900","Real GDP by metropolitan area (millions of chained 2009 dollars)","7","211","   Oil and gas extraction","(L)","(L)","(L)","(L)","(L)","(L)","(L)","(L)","(L)","(L)","(L)","(L)","(L)","(L)","(L)","(L)","(NA)"
"40420","Rockford, IL (Metropolitan Statistical Area)"," ","900","Real GDP by metropolitan area (millions of chained 2009 dollars)","8","212","   Mining (except oil and gas)","(D)","(D)","(D)","(D)","(D)","(D)","(D)","(D)","(D)","(D)","(D)","(D)","(D)","(D)","(D)","(D)","(NA)"
"40420","Rockford, IL (Metropolitan Statistical Area)"," ","900","Real GDP by metropolitan area (millions of chained 2009 dollars)","9","213","   Support activities for mining",0,"(D)","(D)","(D)","(D)","(D)","(D)","(D)","(D)","(D)","(D)","(D)","(D)","(D)","(D)","(D)","(NA)"
"40420","Rockford, IL (Metropolitan Statistical Area)"," ","900","Real GDP by metropolitan area (millions of chained 2009 dollars)","10","22","  Utilities","(D)","(D)","(D)","(D)",291,"(D)","(D)","(D)","(D)","(D)","(D)","(D)","(D)","(D)",438,475,496
"40420","Rockford, IL (Metropolitan Statistical Area)"," ","900","Real GDP by metropolitan area (millions of chained 2009 dollars)","11","23","  Construction",919,958,940,889,872,846,811,634,488,399,392,379,383,406,431,458,453
"40420","Rockford, IL (Metropolitan Statistical Area)"," ","900","Real GDP by metropolitan area (millions of chained 2009 dollars)","12","31-33","  Manufacturing",3707,3593,3508,3670,3723,4229,4271,4139,3344,3599,3963,4454,4110,4133,3866,3677,3996
"40420","Rockford, IL (Metropolitan Statistical Area)"," ","900","Real GDP by metropolitan area (millions of chained 2009 dollars)","13","321,327-339","   Durable goods manufacturing",2999,2917,2806,3018,3102,"(D)","(D)","(D)",2617,2887,3338,"(D)",3472,3480,3165,2939,3246
"40420","Rockford, IL (Metropolitan Statistical Area)"," ","900","Real GDP by metropolitan area (millions of chained 2009 dollars)","14","321","    Wood product manufacturing","(D)","(D)",18,"(D)",16,19,29,31,32,26,28,21,"(D)","(D)","(D)","(D)","(NA)"
"40420","Rockford, IL (Metropolitan Statistical Area)"," ","900","Real GDP by metropolitan area (millions of chained 2009 dollars)","15","327","    Nonmetallic mineral product manufacturing",68,"(D)","(D)",46,55,55,54,52,44,"(D)","(D)","(D)",44,"(D)","(D)","(D)","(NA)"
"40420","Rockford, IL (Metropolitan Statistical Area)"," ","900","Real GDP by metropolitan area (millions of chained 2009 dollars)","16","331","    Primary metal manufacturing",27,27,27,49,47,"(D)","(D)","(D)","(D)","(D)","(D)","(D)","(D)","(D)","(D)","(D)","(NA)"
"40420","Rockford, IL (Metropolitan Statistical Area)"," ","900","Real GDP by metropolitan area (millions of chained 2009 dollars)","17","332","    Fabricated metal product manufacturing",931,895,909,891,853,813,794,749,553,625,660,683,667,695,689,671,"(NA)"
"40420","Rockford, IL (Metropolitan Statistical Area)"," ","900","Real GDP by metropolitan area (millions of chained 2009 dollars)","18","333","    Machinery manufacturing",1269,1079,1081,1190,1254,1368,1432,1406,1215,1305,1555,1738,1353,1366,1151,953,"(NA)"
"40420","Rockford, IL (Metropolitan Statistical Area)"," ","900","Real GDP by metropolitan area (millions of chained 2009 dollars)","19","334","    Computer and electronic product manufacturing",56,71,97,105,94,98,123,"(D)","(D)","(D)","(D)","(D)","(D)","(D)","(D)","(D)","(NA)"
"40420","Rockford, IL (Metropolitan Statistical Area)"," ","900","Real GDP by metropolitan area (millions of chained 2009 dollars)","20","335","    Electrical equipment, appliance, and component manufacturing","(D)",100,116,116,126,152,145,143,92,76,87,94,101,"(D)","(D)","(D)","(NA)"
"40420","Rockford, IL (Metropolitan Statistical Area)"," ","900","Real GDP by metropolitan area (millions of chained 2009 dollars)","21","3361-3363","    Motor vehicles, bodies and trailers, and parts manufacturing","(D)","(D)","(D)","(D)","(D)","(D)","(D)","(D)","(D)","(D)","(D)","(D)","(D)","(D)","(D)","(D)","(NA)"
"40420","Rockford, IL (Metropolitan Statistical Area)"," ","900","Real GDP by metropolitan area (millions of chained 2009 dollars)","22","3364-3369","    Other transportation equipment manufacturing","(D)",257,120,197,"(D)","(D)","(D)","(D)","(D)","(D)","(D)","(D)",216,205,162,181,"(NA)"
"40420","Rockford, IL (Metropolitan Statistical Area)"," ","900","Real GDP by metropolitan area (millions of chained 2009 dollars)","23","337","    Furniture and related product manufacturing","(D)","(D)","(D)","(D)",34,37,32,28,17,17,18,23,29,27,26,27,"(NA)"
"40420","Rockford, IL (Metropolitan Statistical Area)"," ","900","Real GDP by metropolitan area (millions of chained 2009 dollars)","24","339","    Miscellaneous manufacturing","(D)","(D)","(D)","(D)","(D)","(D)","(D)",30,33,25,29,30,31,31,29,29,"(NA)"
"40420","Rockford, IL (Metropolitan Statistical Area)"," ","900","Real GDP by metropolitan area (millions of chained 2009 dollars)","25","311-316,322-326","   Nondurable goods manufacturing",726,691,723,663,628,"(D)","(D)","(D)",727,714,639,"(D)",653,668,707,740,755
"40420","Rockford, IL (Metropolitan Statistical Area)"," ","900","Real GDP by metropolitan area (millions of chained 2009 dollars)","26","311-312","    Food and beverage and tobacco products manufacturing",408,"(D)","(D)","(D)","(D)","(D)","(D)","(D)",384,373,313,329,330,312,313,303,"(NA)"
"40420","Rockford, IL (Metropolitan Statistical Area)"," ","900","Real GDP by metropolitan area (millions of chained 2009 dollars)","27","313-314","    Textile mills and textile product mills",9,8,"(D)","(D)","(D)",7,"(D)","(D)","(D)","(D)",4,"(D)","(D)",3,3,"(D)","(NA)"
"40420","Rockford, IL (Metropolitan Statistical Area)"," ","900","Real GDP by metropolitan area (millions of chained 2009 dollars)","28","315-316","    Apparel, leather, and allied product manufacturing","(D)",1,1,1,1,1,"(D)","(D)","(D)","(D)",2,"(D)",1,1,1,"(D)","(NA)"
"40420","Rockford, IL (Metropolitan Statistical Area)"," ","900","Real GDP by metropolitan area (millions of chained 2009 dollars)","29","322","    Paper manufacturing","(D)","(D)","(D)","(D)","(D)","(D)","(D)","(D)","(D)","(D)","(D)",19,21,20,23,25,"(NA)"
"40420","Rockford, IL (Metropolitan Statistical Area)"," ","900","Real GDP by metropolitan area (millions of chained 2009 dollars)","30","323","    Printing and related support activities",36,"(D)","(D)","(D)",35,34,39,44,34,"(D)","(D)",27,25,27,"(D)","(D)","(NA)"
"40420","Rockford, IL (Metropolitan Statistical Area)"," ","900","Real GDP by metropolitan area (millions of chained 2009 dollars)","31","324","    Petroleum and coal products manufacturing","(D)",30,45,44,36,30,45,32,61,18,25,29,37,63,66,67,"(NA)"
"40420","Rockford, IL (Metropolitan Statistical Area)"," ","900","Real GDP by metropolitan area (millions of chained 2009 dollars)","32","325","    Chemical manufacturing","(D)","(D)","(D)","(D)","(D)","(D)",151,"(D)","(D)","(D)","(D)","(D)","(D)","(D)","(D)","(D)","(NA)"
"40420","Rockford, IL (Metropolitan Statistical Area)"," ","900","Real GDP by metropolitan area (millions of chained 2009 dollars)","33","326","    Plastics and rubber products manufacturing",70,69,70,77,82,69,62,51,50,57,47,52,"(D)","(D)","(D)","(D)","(NA)"
"40420","Rockford, IL (Metropolitan Statistical Area)"," ","900","Real GDP by metropolitan area (millions of chained 2009 dollars)","34","42","  Wholesale trade",627,618,627,685,748,756,"(D)","(D)","(D)","(D)","(D)","(D)",740,"(D)",745,698,749
"40420","Rockford, IL (Metropolitan Statistical Area)"," ","900","Real GDP by metropolitan area (millions of chained 2009 dollars)","35","44-45","  Retail trade",768,786,827,868,893,882,853,841,791,780,764,749,784,831,866,865,872
"40420","Rockford, IL (Metropolitan Statistical Area)"," ","900","Real GDP by metropolitan area (millions of chained 2009 dollars)","36","48-49","  Transportation and warehousing","(D)","(D)","(D)","(D)",375,"(D)","(D)",402,398,450,461,408,"(D)",412,455,410,379
"40420","Rockford, IL (Metropolitan Statistical Area)"," ","900","Real GDP by metropolitan area (millions of chained 2009 dollars)","37","481","   Air transportation","(D)",6,"(D)","(D)","(D)","(D)",43,40,"(D)","(D)","(D)","(D)","(D)","(D)","(D)","(D)","(NA)"
"40420","Rockford, IL (Metropolitan Statistical Area)"," ","900","Real GDP by metropolitan area (millions of chained 2009 dollars)","38","482","   Rail transportation",6,6,7,8,8,7,8,8,7,7,7,8,8,8,6,6,"(NA)"
"40420","Rockford, IL (Metropolitan Statistical Area)"," ","900","Real GDP by metropolitan area (millions of chained 2009 dollars)","39","483","   Water transportation","(L)",0,"(L)",0,"(L)","(L)","(L)",1,3,2,1,"(L)",1,1,1,1,"(NA)"
"40420","Rockford, IL (Metropolitan Statistical Area)"," ","900","Real GDP by metropolitan area (millions of chained 2009 dollars)","40","484","   Truck transportation",130,130,123,130,133,136,128,127,126,151,158,127,130,146,182,160,"(NA)"
"40420","Rockford, IL (Metropolitan Statistical Area)"," ","900","Real GDP by metropolitan area (millions of chained 2009 dollars)","41","485","   Transit and ground passenger transportation","(D)","(D)","(D)","(D)","(D)",14,"(D)","(D)","(D)",19,"(D)","(D)",12,"(D)","(D)","(D)","(NA)"
"40420","Rockford, IL (Metropolitan Statistical Area)"," ","900","Real GDP by metropolitan area (millions of chained 2009 dollars)","42","486","   Pipeline transportation","(D)","(D)","(D)","(D)","(D)","(D)","(D)","(D)",2,2,2,1,8,8,9,"(L)","(NA)"
"40420","Rockford, IL (Metropolitan Statistical Area)"," ","900","Real GDP by metropolitan area (millions of chained 2009 dollars)","43","487-488, 492","   Other transportation and support activities","(D)","(D)","(D)","(D)","(D)","(D)",116,"(D)","(D)","(D)","(D)","(D)","(D)",101,108,107,"(NA)"
"40420","Rockford, IL (Metropolitan Statistical Area)"," ","900","Real GDP by metropolitan area (millions of chained 2009 dollars)","44","493","   Warehousing and storage","(D)","(D)","(D)","(D)","(D)","(D)","(D)","(D)",85,103,121,"(D)","(D)","(D)","(D)","(D)","(NA)"
"40420","Rockford, IL (Metropolitan Statistical Area)"," ","900","Real GDP by metropolitan area (millions of chained 2009 dollars)","45","51","  Information",161,183,199,247,246,259,296,304,279,283,272,264,252,248,275,326,322
"40420","Rockford, IL (Metropolitan Statistical Area)"," ","900","Real GDP by metropolitan area (millions of chained 2009 dollars)","46","511","   Publishing industries (except Internet)",61,72,"(D)","(D)","(D)","(D)","(D)","(D)","(D)","(D)","(D)","(D)","(D)","(D)","(D)",126,"(NA)"
"40420","Rockford, IL (Metropolitan Statistical Area)"," ","900","Real GDP by metropolitan area (millions of chained 2009 dollars)","47","512","   Motion picture and sound recording industries","(D)","(D)","(D)","(D)","(D)","(D)","(D)","(D)","(D)","(D)","(D)","(D)","(D)","(D)","(D)","(D)","(NA)"
"40420","Rockford, IL (Metropolitan Statistical Area)"," ","900","Real GDP by metropolitan area (millions of chained 2009 dollars)","48","515, 517","   Broadcasting (except Internet) and telecommunications","(D)","(D)","(D)","(D)","(D)","(D)",167,162,143,136,135,130,129,129,134,177,"(NA)"
"40420","Rockford, IL (Metropolitan Statistical Area)"," ","900","Real GDP by metropolitan area (millions of chained 2009 dollars)","49","518, 519","   Data processing, hosting, and other information services","(D)","(D)","(D)","(D)","(D)",21,"(D)","(D)","(D)","(D)","(D)","(D)",6,7,7,"(D)","(NA)"
"40420","Rockford, IL (Metropolitan Statistical Area)"," ","900","Real GDP by metropolitan area (millions of chained 2009 dollars)","50","52, 53","  Finance, insurance, real estate, rental, and leasing",1717,1585,1740,1563,1558,1448,1425,1325,1509,1562,1527,1525,1462,1554,1627,1628,1630
"40420","Rockford, IL (Metropolitan Statistical Area)"," ","900","Real GDP by metropolitan area (millions of chained 2009 dollars)","51","52","   Finance and insurance",676,671,671,658,681,712,695,578,723,728,732,768,600,699,748,733,703
"40420","Rockford, IL (Metropolitan Statistical Area)"," ","900","Real GDP by metropolitan area (millions of chained 2009 dollars)","52","521-522","    Monetary Authorities- central bank, credit intermediation, and related services",279,298,286,226,253,256,253,237,272,253,243,228,202,175,168,153,"(NA)"
"40420","Rockford, IL (Metropolitan Statistical Area)"," ","900","Real GDP by metropolitan area (millions of chained 2009 dollars)","53","523","    Securities, commodity contracts, and other financial investments and related activities","(D)","(D)","(D)","(D)","(D)",129,105,73,"(D)","(D)","(D)",262,"(D)","(D)","(D)","(D)","(NA)"
"40420","Rockford, IL (Metropolitan Statistical Area)"," ","900","Real GDP by metropolitan area (millions of chained 2009 dollars)","54","524","    Insurance carriers and related activities","(D)","(D)","(D)","(D)",298,333,328,254,284,278,263,238,227,345,451,459,"(NA)"
"40420","Rockford, IL (Metropolitan Statistical Area)"," ","900","Real GDP by metropolitan area (millions of chained 2009 dollars)","55","525","    Funds, trusts, and other financial vehicles","(D)","(D)","(D)","(D)","(D)",6,11,17,"(D)","(D)","(D)",38,"(D)","(D)","(D)","(D)","(NA)"
"40420","Rockford, IL (Metropolitan Statistical Area)"," ","900","Real GDP by metropolitan area (millions of chained 2009 dollars)","56","53","   Real estate and rental and leasing",1058,924,1087,914,883,730,725,750,786,834,794,753,873,858,880,899,936
"40420","Rockford, IL (Metropolitan Statistical Area)"," ","900","Real GDP by metropolitan area (millions of chained 2009 dollars)","57","531","    Real estate",974,832,995,829,804,645,636,663,701,753,714,671,805,807,830,832,"(NA)"
"40420","Rockford, IL (Metropolitan Statistical Area)"," ","900","Real GDP by metropolitan area (millions of chained 2009 dollars)","58","532-533","    Rental and leasing services and lessors of nonfinancial intangible assets",82,92,91,84,77,86,89,86,85,81,80,83,68,50,49,68,"(NA)"
"40420","Rockford, IL (Metropolitan Statistical Area)"," ","900","Real GDP by metropolitan area (millions of chained 2009 dollars)","59","54, 55, 56","  Professional and business services",758,832,912,893,912,918,930,963,862,853,888,911,915,921,882,846,891
"40420","Rockford, IL (Metropolitan Statistical Area)"," ","900","Real GDP by metropolitan area (millions of chained 2009 dollars)","60","54","   Professional, scientific, and technical services","(D)","(D)","(D)","(D)",413,404,386,402,374,360,349,323,324,330,326,303,329
"40420","Rockford, IL (Metropolitan Statistical Area)"," ","900","Real GDP by metropolitan area (millions of chained 2009 dollars)","64","55","   Management of companies and enterprises","(D)","(D)","(D)","(D)",24,27,25,20,26,25,20,17,17,18,20,22,25
"40420","Rockford, IL (Metropolitan Statistical Area)"," ","900","Real GDP by metropolitan area (millions of chained 2009 dollars)","65","56","   Administrative and support and waste management and remediation services",352,409,461,454,475,488,518,540,463,468,520,574,577,575,538,524,539
"40420","Rockford, IL (Metropolitan Statistical Area)"," ","900","Real GDP by metropolitan area (millions of chained 2009 dollars)","66","561","    Administrative and support services","(D)","(D)","(D)",425,"(D)","(D)","(D)","(D)","(D)","(D)","(D)","(D)",549,551,516,521,"(NA)"
"40420","Rockford, IL (Metropolitan Statistical Area)"," ","900","Real GDP by metropolitan area (millions of chained 2009 dollars)","67","562","    Waste management and remediation services","(D)","(D)","(D)",29,"(D)","(D)","(D)","(D)","(D)","(D)","(D)","(D)",28,25,22,5,"(NA)"
"40420","Rockford, IL (Metropolitan Statistical Area)"," ","900","Real GDP by metropolitan area (millions of chained 2009 dollars)","68","61, 62","  Educational services, health care, and social assistance",1312,1376,1359,1322,1359,1421,1439,1523,1539,1502,1514,1509,1534,1523,1513,1583,1607
"40420","Rockford, IL (Metropolitan Statistical Area)"," ","900","Real GDP by metropolitan area (millions of chained 2009 dollars)","69","61","   Educational services","(D)","(D)","(D)","(D)","(D)",76,76,77,81,79,76,76,72,73,67,67,67
"40420","Rockford, IL (Metropolitan Statistical Area)"," ","900","Real GDP by metropolitan area (millions of chained 2009 dollars)","70","62","   Health care and social assistance","(D)","(D)","(D)","(D)","(D)",1346,1363,1446,1458,1423,1438,1433,1463,1450,1446,1517,1541
"40420","Rockford, IL (Metropolitan Statistical Area)"," ","900","Real GDP by metropolitan area (millions of chained 2009 dollars)","71","621","    Ambulatory health care services",559,598,582,550,563,596,600,624,626,607,606,613,614,623,630,678,"(NA)"
"40420","Rockford, IL (Metropolitan Statistical Area)"," ","900","Real GDP by metropolitan area (millions of chained 2009 dollars)","72","622-623","    Hospitals, nursing, and residential care facilities","(D)","(D)","(D)","(D)","(D)","(D)","(D)","(D)","(D)","(D)","(D)","(D)","(D)","(D)","(D)","(D)","(NA)"
"40420","Rockford, IL (Metropolitan Statistical Area)"," ","900","Real GDP by metropolitan area (millions of chained 2009 dollars)","73","624","    Social assistance",84,84,80,73,"(D)","(D)","(D)","(D)","(D)","(D)","(D)","(D)","(D)","(D)","(D)","(D)","(NA)"
"40420","Rockford, IL (Metropolitan Statistical Area)"," ","900","Real GDP by metropolitan area (millions of chained 2009 dollars)","74","71, 72","  Arts, entertainment, recreation, accommodation, and food services",329,331,322,336,369,365,366,351,334,342,348,367,339,354,370,372,378
"40420","Rockford, IL (Metropolitan Statistical Area)"," ","900","Real GDP by metropolitan area (millions of chained 2009 dollars)","75","71","   Arts, entertainment, and recreation",30,33,36,43,49,48,47,50,53,57,61,63,68,73,68,69,73
"40420","Rockford, IL (Metropolitan Statistical Area)"," ","900","Real GDP by metropolitan area (millions of chained 2009 dollars)","76","711-712","    Performing arts, spectator sports, museums, and related activities","(D)",12,12,"(D)","(D)","(D)","(D)","(D)",13,19,26,27,30,29,30,31,"(NA)"
"40420","Rockford, IL (Metropolitan Statistical Area)"," ","900","Real GDP by metropolitan area (millions of chained 2009 dollars)","77","713","    Amusement, gambling, and recreation industries","(D)",21,23,"(D)","(D)","(D)","(D)","(D)",40,38,35,36,38,44,38,38,"(NA)"
"40420","Rockford, IL (Metropolitan Statistical Area)"," ","900","Real GDP by metropolitan area (millions of chained 2009 dollars)","78","72","   Accommodation and food services",301,299,287,293,321,317,319,301,281,285,287,305,271,281,302,302,305
"40420","Rockford, IL (Metropolitan Statistical Area)"," ","900","Real GDP by metropolitan area (millions of chained 2009 dollars)","79","721","    Accommodation","(D)","(D)","(D)",40,45,49,52,44,"(D)","(D)",38,"(D)","(D)","(D)",36,"(D)","(NA)"
"40420","Rockford, IL (Metropolitan Statistical Area)"," ","900","Real GDP by metropolitan area (millions of chained 2009 dollars)","80","722","    Food services and drinking places","(D)","(D)","(D)",252,276,267,266,257,"(D)","(D)",249,"(D)","(D)","(D)",266,"(D)","(NA)"
"40420","Rockford, IL (Metropolitan Statistical Area)"," ","900","Real GDP by metropolitan area (millions of chained 2009 dollars)","81","81","  Other services (except government and government enterprises)",387,394,399,414,408,401,394,380,363,344,339,339,347,349,341,326,312
"40420","Rockford, IL (Metropolitan Statistical Area)"," ","900","Real GDP by metropolitan area (millions of chained 2009 dollars)","82","..."," Government and government enterprises",1156,1194,1220,1214,1231,1221,1228,1232,1257,1286,1240,1202,1176,1195,1175,1167,1161
"40420","Rockford, IL (Metropolitan Statistical Area)"," ","900","Real GDP by metropolitan area (millions of chained 2009 dollars)","83","...","  Federal civilian",141,137,131,133,128,126,122,120,118,123,115,112,99,98,100,99,"(NA)"
"40420","Rockford, IL (Metropolitan Statistical Area)"," ","900","Real GDP by metropolitan area (millions of chained 2009 dollars)","84","...","  Military",19,25,33,33,34,32,31,33,37,35,33,32,30,28,27,28,"(NA)"
"40420","Rockford, IL (Metropolitan Statistical Area)"," ","900","Real GDP by metropolitan area (millions of chained 2009 dollars)","85","...","  State and local",995,1032,1055,1048,1069,1063,1075,1079,1103,1127,1093,1058,1047,1069,1047,1041,"(NA)"
"40420","Rockford, IL (Metropolitan Statistical Area)"," ","900","Real GDP by metropolitan area (millions of chained 2009 dollars)","86","11, 21","Natural resources and mining",25,31,23,36,18,22,"(D)","(D)","(D)",13,61,23,83,47,7,22,22
"40420","Rockford, IL (Metropolitan Statistical Area)"," ","900","Real GDP by metropolitan area (millions of chained 2009 dollars)","87","42, 44-45","Trade",1397,1406,1457,1556,1642,1638,"(D)","(D)","(D)","(D)","(D)","(D)",1524,"(D)",1611,1563,1621
"40420","Rockford, IL (Metropolitan Statistical Area)"," ","900","Real GDP by metropolitan area (millions of chained 2009 dollars)","88","...","Transportation and utilities",689,708,691,667,669,703,788,"(D)","(D)","(D)","(D)","(D)",805,"(D)",891,880,868
"40420","Rockford, IL (Metropolitan Statistical Area)"," ","900","Real GDP by metropolitan area (millions of chained 2009 dollars)","89","...","Private goods-producing industries",4661,4574,4462,4604,4622,5111,5141,"(D)","(D)",4010,4431,4846,4599,4595,4308,4165,4476
"40420","Rockford, IL (Metropolitan Statistical Area)"," ","900","Real GDP by metropolitan area (millions of chained 2009 dollars)","90","...","Private services-providing industries",6763,6818,7102,7013,7173,7156,7286,"(D)","(D)",7172,7201,7183,7179,7341,7514,7523,7624
"40420","Rockford, IL (Metropolitan Statistical Area)"," ","1000","Per capita real GDP by metropolitan area (chained 2009 dollars)","1","...","All industry total",38893,38583,38727,38549,38712,39454,39224,38004,34863,35703,36972,38170,37507,38274,38075,37775,39123
"Note: See the included footnote file."
"Last updated: September 18, 2018 -- new statistics for 2017; revised statistics for 2001-2016."
"Source: U.S. Department of Commerce / Bureau of Economic Analysis / Regional Product Division"
